{"cameraMode":{"drawMode":0,"name":"Shaded","section":"Shading Mode"},"sceneLighting":false,"audioPlay":false,"sceneViewState":{"showFog":true,"showMaterialUpdate":false,"showSkybox":false,"showFlares":true,"showImageEffects":true,"showParticleSystems":true},"in2DMode":false,"pivot":{"x":-4.603546619415283,"y":1.782516598701477,"z":8.181692123413086},"rotation":{"x":-0.10395867377519608,"y":-0.80530846118927,"z":0.14830122888088227,"w":-0.5645575523376465},"size":4.82598352432251,"orthographic":false}