{"cameraMode":{"drawMode":0,"name":"Shaded","section":"Shading Mode"},"sceneLighting":false,"audioPlay":false,"sceneViewState":{"showFog":true,"showMaterialUpdate":false,"showSkybox":false,"showFlares":true,"showImageEffects":true,"showParticleSystems":true},"in2DMode":false,"pivot":{"x":12.193854331970215,"y":3.33792781829834,"z":8.199454307556153},"rotation":{"x":0.08748435229063034,"y":-0.8730782270431519,"z":0.17027007043361665,"w":0.4485282301902771},"size":46.714447021484378,"orthographic":false}