{"cameraMode":{"drawMode":0,"name":"Shaded","section":"Shading Mode"},"sceneLighting":true,"audioPlay":false,"sceneViewState":{"showFog":true,"showMaterialUpdate":false,"showSkybox":false,"showFlares":true,"showImageEffects":true,"showParticleSystems":true},"in2DMode":false,"pivot":{"x":16.469192504882814,"y":7.482335090637207,"z":9.242528915405274},"rotation":{"x":0.19107219576835633,"y":-0.7966340184211731,"z":0.31968235969543459,"w":0.4761916995048523},"size":15.18581485748291,"orthographic":false}