{"cameraMode":{"drawMode":0,"name":"Shaded","section":"Shading Mode"},"sceneLighting":false,"audioPlay":false,"sceneViewState":{"showFog":true,"showMaterialUpdate":false,"showSkybox":false,"showFlares":true,"showImageEffects":true,"showParticleSystems":true},"in2DMode":false,"pivot":{"x":-2.1642260551452638,"y":-2.9137377738952638,"z":-4.840368747711182},"rotation":{"x":0.0406000055372715,"y":-0.9552165269851685,"z":0.24809551239013673,"w":0.15637215971946717},"size":11.583653450012207,"orthographic":false}