{"cameraMode":{"drawMode":0,"name":"Shaded","section":"Shading Mode"},"sceneLighting":false,"audioPlay":false,"sceneViewState":{"showFog":true,"showMaterialUpdate":false,"showSkybox":false,"showFlares":true,"showImageEffects":true,"showParticleSystems":true},"in2DMode":false,"pivot":{"x":-2.2516374588012697,"y":2.127645492553711,"z":4.3914265632629398},"rotation":{"x":-0.007686651777476072,"y":-0.9360945224761963,"z":0.35107704997062685,"w":-0.020498625934123994},"size":10.578134536743164,"orthographic":false}