{"cameraMode":{"drawMode":0,"name":"Shaded","section":"Shading Mode"},"sceneLighting":false,"audioPlay":false,"sceneViewState":{"showFog":true,"showMaterialUpdate":false,"showSkybox":false,"showFlares":true,"showImageEffects":true,"showParticleSystems":true},"in2DMode":false,"pivot":{"x":52.59257507324219,"y":62.764991760253909,"z":-49.52240753173828},"rotation":{"x":0.07167108356952667,"y":-0.11300937086343765,"z":0.010128260590136052,"w":0.9924554824829102},"size":22.0,"orthographic":false}