{"cameraMode":{"drawMode":0,"name":"Shaded","section":"Shading Mode"},"sceneLighting":false,"audioPlay":false,"sceneViewState":{"showFog":true,"showMaterialUpdate":false,"showSkybox":false,"showFlares":true,"showImageEffects":true,"showParticleSystems":true},"in2DMode":false,"pivot":{"x":118.54505157470703,"y":-488.7734069824219,"z":-106.9857406616211},"rotation":{"x":0.07167108356952667,"y":-0.11300937086343765,"z":0.010128260590136052,"w":0.9924554824829102},"size":11.757699012756348,"orthographic":false}