{"cameraMode":{"drawMode":0,"name":"Shaded","section":"Shading Mode"},"sceneLighting":false,"audioPlay":false,"sceneViewState":{"showFog":true,"showMaterialUpdate":false,"showSkybox":false,"showFlares":true,"showImageEffects":true,"showParticleSystems":true},"in2DMode":false,"pivot":{"x":75.01300048828125,"y":38.78020477294922,"z":-51.22373580932617},"rotation":{"x":0.10539598762989044,"y":0.005889480467885733,"z":0.013104986399412156,"w":0.996222198009491},"size":8.11639404296875,"orthographic":false}