{"cameraMode":{"drawMode":0,"name":"Shaded","section":"Shading Mode"},"sceneLighting":true,"audioPlay":false,"sceneViewState":{"showFog":true,"showMaterialUpdate":false,"showSkybox":false,"showFlares":true,"showImageEffects":true,"showParticleSystems":true},"in2DMode":false,"pivot":{"x":0.0,"y":1.6770000457763672,"z":4.76837158203125e-7},"rotation":{"x":0.10517086833715439,"y":-0.00886494480073452,"z":0.011250696144998074,"w":0.9959474802017212},"size":11.32474136352539,"orthographic":false}