{"cameraMode":{"drawMode":0,"name":"Shaded","section":"Shading Mode"},"sceneLighting":false,"audioPlay":false,"sceneViewState":{"showFog":true,"showMaterialUpdate":false,"showSkybox":false,"showFlares":true,"showImageEffects":true,"showParticleSystems":true},"in2DMode":false,"pivot":{"x":0.7380226850509644,"y":2.875133991241455,"z":0.7389645576477051},"rotation":{"x":0.12767338752746583,"y":0.007579511497169733,"z":0.0052295043133199219,"w":0.9931421279907227},"size":6.600058555603027,"orthographic":false}