{"cameraMode":{"drawMode":0,"name":"Shaded","section":"Shading Mode"},"sceneLighting":false,"audioPlay":false,"sceneViewState":{"showFog":true,"showMaterialUpdate":false,"showSkybox":false,"showFlares":true,"showImageEffects":true,"showParticleSystems":true},"in2DMode":false,"pivot":{"x":-0.08210340142250061,"y":0.7093548774719238,"z":2.127656936645508},"rotation":{"x":0.12767338752746583,"y":0.007579511497169733,"z":0.0052295043133199219,"w":0.9931421279907227},"size":9.191286087036133,"orthographic":false}