{"cameraMode":{"drawMode":0,"name":"Shaded","section":"Shading Mode"},"sceneLighting":false,"audioPlay":false,"sceneViewState":{"showFog":true,"showMaterialUpdate":false,"showSkybox":false,"showFlares":true,"showImageEffects":true,"showParticleSystems":true},"in2DMode":false,"pivot":{"x":0.6106580495834351,"y":9.29411792755127,"z":2.640446662902832},"rotation":{"x":0.1380293071269989,"y":-0.0027051710058003666,"z":0.007278440985828638,"w":0.9917716383934021},"size":9.649151802062989,"orthographic":false}