{"cameraMode":{"drawMode":0,"name":"Shaded","section":"Shading Mode"},"sceneLighting":false,"audioPlay":false,"sceneViewState":{"showFog":true,"showMaterialUpdate":false,"showSkybox":false,"showFlares":true,"showImageEffects":true,"showParticleSystems":true},"in2DMode":false,"pivot":{"x":0.42362862825393679,"y":1.1133123636245728,"z":0.28381776809692385},"rotation":{"x":0.12767338752746583,"y":0.007579511497169733,"z":0.0052295043133199219,"w":0.9931421279907227},"size":4.800057411193848,"orthographic":false}