{"cameraMode":{"drawMode":0,"name":"Shaded","section":"Shading Mode"},"sceneLighting":false,"audioPlay":false,"sceneViewState":{"showFog":true,"showMaterialUpdate":false,"showSkybox":false,"showFlares":true,"showImageEffects":true,"showParticleSystems":true},"in2DMode":false,"pivot":{"x":52.310001373291019,"y":63.804466247558597,"z":-54.220001220703128},"rotation":{"x":0.19029450416564942,"y":0.02791515924036503,"z":0.009470886550843716,"w":0.9830722212791443},"size":8.414140701293946,"orthographic":false}