{"cameraMode":{"drawMode":0,"name":"Shaded","section":"Shading Mode"},"sceneLighting":false,"audioPlay":false,"sceneViewState":{"showFog":true,"showMaterialUpdate":false,"showSkybox":false,"showFlares":true,"showImageEffects":true,"showParticleSystems":true},"in2DMode":false,"pivot":{"x":-1747.199951171875,"y":915.7306518554688,"z":1565.74365234375},"rotation":{"x":0.12089339643716812,"y":0.06865319609642029,"z":0.0053122323006391529,"w":0.9921523332595825},"size":112.01586151123047,"orthographic":false}