{"cameraMode":{"drawMode":0,"name":"Shaded","section":"Shading Mode"},"sceneLighting":false,"audioPlay":false,"sceneViewState":{"showFog":true,"showMaterialUpdate":false,"showSkybox":false,"showFlares":true,"showImageEffects":true,"showParticleSystems":true},"in2DMode":false,"pivot":{"x":0.3785686790943146,"y":1.0655497312545777,"z":0.2720913887023926},"rotation":{"x":0.12767338752746583,"y":0.007579511497169733,"z":0.0052295043133199219,"w":0.9931421279907227},"size":6.000058174133301,"orthographic":false}