{"cameraMode":{"drawMode":0,"name":"Shaded","section":"Shading Mode"},"sceneLighting":true,"audioPlay":false,"sceneViewState":{"showFog":true,"showMaterialUpdate":false,"showSkybox":true,"showFlares":true,"showImageEffects":true,"showParticleSystems":true},"in2DMode":false,"pivot":{"x":53.57429504394531,"y":56.203369140625,"z":-4.607505798339844},"rotation":{"x":0.11810379475355149,"y":0.04616511985659599,"z":-0.005456853192299604,"w":0.991974949836731},"size":308.933837890625,"orthographic":false}