{"cameraMode":{"drawMode":0,"name":"Shaded","section":"Shading Mode"},"sceneLighting":false,"audioPlay":false,"sceneViewState":{"showFog":true,"showMaterialUpdate":false,"showSkybox":false,"showFlares":true,"showImageEffects":true,"showParticleSystems":true},"in2DMode":false,"pivot":{"x":-1.762355089187622,"y":20.05777931213379,"z":-38.285064697265628},"rotation":{"x":0.16547802090644837,"y":-0.07932767271995545,"z":0.014483829960227013,"w":0.9833356738090515},"size":4.733729839324951,"orthographic":false}