{"cameraMode":{"drawMode":0,"name":"Shaded","section":"Shading Mode"},"sceneLighting":false,"audioPlay":false,"sceneViewState":{"showFog":true,"showMaterialUpdate":false,"showSkybox":false,"showFlares":true,"showImageEffects":true,"showParticleSystems":true},"in2DMode":false,"pivot":{"x":1.289635181427002,"y":0.7272557020187378,"z":1.4172897338867188},"rotation":{"x":0.12767338752746583,"y":0.007579511497169733,"z":0.0052295043133199219,"w":0.9931421279907227},"size":5.190935134887695,"orthographic":false}