{"cameraMode":{"drawMode":0,"name":"Shaded","section":"Shading Mode"},"sceneLighting":true,"audioPlay":false,"sceneViewState":{"showFog":true,"showMaterialUpdate":false,"showSkybox":false,"showFlares":true,"showImageEffects":true,"showParticleSystems":true},"in2DMode":false,"pivot":{"x":0.10799980163574219,"y":0.8920001983642578,"z":-0.3997001647949219},"rotation":{"x":0.05943688005208969,"y":0.16723676025867463,"z":-0.010069582611322403,"w":0.9842449426651001},"size":133.71823120117188,"orthographic":false}