{"cameraMode":{"drawMode":0,"name":"Shaded","section":"Shading Mode"},"sceneLighting":true,"audioPlay":false,"sceneViewState":{"showFog":true,"showMaterialUpdate":false,"showSkybox":true,"showFlares":true,"showImageEffects":true,"showParticleSystems":true},"in2DMode":false,"pivot":{"x":1846.8035888671875,"y":-201.03369140625,"z":2765.3759765625},"rotation":{"x":0.12284846603870392,"y":0.2645623981952667,"z":-0.033994387835264209,"w":0.9559390544891357},"size":4267.439453125,"orthographic":false}