{"cameraMode":{"drawMode":0,"name":"Shaded","section":"Shading Mode"},"sceneLighting":true,"audioPlay":false,"sceneViewState":{"showFog":true,"showMaterialUpdate":false,"showSkybox":true,"showFlares":true,"showImageEffects":true,"showParticleSystems":true},"in2DMode":false,"pivot":{"x":131.3748779296875,"y":173.06459045410157,"z":89.75729370117188},"rotation":{"x":0.02228722721338272,"y":0.39942246675491335,"z":-0.0097027737647295,"w":0.9164852499961853},"size":44.55909729003906,"orthographic":false}