{"cameraMode":{"drawMode":0,"name":"Shaded","section":"Shading Mode"},"sceneLighting":true,"audioPlay":false,"sceneViewState":{"showFog":true,"showMaterialUpdate":false,"showSkybox":true,"showFlares":true,"showImageEffects":true,"showParticleSystems":true},"in2DMode":false,"pivot":{"x":-9.876564025878907,"y":-3.3743996620178224,"z":13.151355743408204},"rotation":{"x":0.11022050678730011,"y":-0.4803970754146576,"z":0.06100156903266907,"w":0.8679672479629517},"size":18.904294967651368,"orthographic":false}